{
    "config_version":"1.4",
    "paths": {
        "root": "/root/mdb_storage"
    },
    "debug": false,
    "integrations": {},
    "api": {
        "http": {
            "host": "0.0.0.0",
            "port": "47334"
        },
        "mysql": {
            "host": "0.0.0.0",
            "password": "",
            "port": "47335",
            "user": "mindsdb",
            "database": "mindsdb",
            "ssl": true
        },
         "mongodb": {
            "host": "0.0.0.0",
            "port": "47336",
            "database": "mindsdb"
        }
    }
}
